{"cameraMode":{"drawMode":0,"name":"Shaded","section":"Shading Mode"},"sceneLighting":false,"audioPlay":false,"sceneViewState":{"showFog":true,"showMaterialUpdate":false,"showSkybox":true,"showFlares":true,"showImageEffects":true,"showParticleSystems":true},"in2DMode":false,"pivot":{"x":32.16442108154297,"y":14.177722930908204,"z":-29.1944580078125},"rotation":{"x":-0.04583477973937988,"y":0.9307377934455872,"z":-0.12529206275939942,"w":-0.3404824733734131},"size":204.3822479248047,"orthographic":false}