{"cameraMode":{"drawMode":0,"name":"Shaded","section":"Shading Mode"},"sceneLighting":false,"audioPlay":false,"sceneViewState":{"showFog":true,"showMaterialUpdate":false,"showSkybox":true,"showFlares":true,"showImageEffects":true,"showParticleSystems":true},"in2DMode":false,"pivot":{"x":-0.5141058564186096,"y":1.1399760246276856,"z":0.037527576088905337},"rotation":{"x":-0.0013802703469991685,"y":0.9872994422912598,"z":-0.15863248705863954,"w":-0.008587890304625035},"size":196.47337341308595,"orthographic":false}