{"cameraMode":{"drawMode":0,"name":"Shaded","section":"Shading Mode"},"sceneLighting":true,"audioPlay":false,"sceneViewState":{"showFog":true,"showMaterialUpdate":false,"showSkybox":true,"showFlares":true,"showImageEffects":true,"showParticleSystems":true},"in2DMode":false,"pivot":{"x":-2384.81689453125,"y":-7.52734375,"z":2405.826171875},"rotation":{"x":-0.15310582518577577,"y":0.641282856464386,"z":-0.13266722857952119,"w":-0.7400773167610169},"size":710.0698852539063,"orthographic":false}