{"cameraMode":{"drawMode":0,"name":"Shaded","section":"Shading Mode"},"sceneLighting":true,"audioPlay":false,"sceneViewState":{"showFog":true,"showMaterialUpdate":false,"showSkybox":true,"showFlares":true,"showImageEffects":true,"showParticleSystems":true},"in2DMode":false,"pivot":{"x":-2487.343017578125,"y":59.57227325439453,"z":2294.7841796875},"rotation":{"x":0.12433537095785141,"y":-0.7190276384353638,"z":0.1333034485578537,"w":0.6706490516662598},"size":451.02166748046877,"orthographic":false}